Content Type,Document Title,Primary Category
Video,HealthNuts: Asthma in Children,Pulmonology
Video,HealthNuts: Fever Management in Kids,General Pediatrics
Video,HealthNuts: Eczema and Skin Care,Dermatology
Video,HealthNuts: Ear Infections,ENT
Video,HealthNuts: ADHD Overview,Behavioral Health
Video,HealthNuts: Childhood Obesity,Nutrition
Video,HealthNuts: Vaccines and Immunizations,Preventive Care
Video,HealthNuts: Allergies in Children,Allergy & Immunology
Video,HealthNuts: Sickle Cell Disease,Hematology
Video,HealthNuts: Croup and Respiratory Illness,Pulmonology
Video,HealthNuts: Constipation in Kids,Gastroenterology
Video,HealthNuts: Type 1 Diabetes in Children,Endocrinology
Video,HealthNuts: Sleep Issues in Toddlers,Behavioral Health
Video,HealthNuts: Urinary Tract Infections,Urology
Video,HealthNuts: Developmental Milestones,General Pediatrics
