Department,Module,Title,Specialty
Pediatrics,Respiratory,Asthma in Children,Pediatrics
Pediatrics,General,Managing Fever in Children,Pediatrics
Pediatrics,Dermatology,Atopic Dermatitis and Eczema,Pediatrics
Pediatrics,ENT,Otitis Media (Ear Infection),Pediatrics
Pediatrics,Behavioral,Attention Deficit Hyperactivity Disorder,Pediatrics
Pediatrics,Nutrition,Childhood Overweight and Obesity,Pediatrics
Pediatrics,Preventive,Childhood Vaccinations Guide,Pediatrics
Pediatrics,Allergy,Allergic Rhinitis in Kids,Pediatrics
Pediatrics,Hematology,Sickle Cell Anemia,Pediatrics
Pediatrics,Respiratory,Bronchiolitis and RSV,Pediatrics
Pediatrics,GI,Constipation in Pediatric Patients,Pediatrics
Pediatrics,Endocrinology,Type 1 Diabetes Management,Pediatrics
Pediatrics,Behavioral,Pediatric Sleep Disorders,Pediatrics
Pediatrics,Urology,Urinary Tract Infection in Children,Pediatrics
Pediatrics,General,Child Growth and Development,Pediatrics
Pediatrics,Cardiology,Congenital Heart Defects,Pediatrics
Pediatrics,Neurology,Febrile Seizures,Pediatrics
